{
    "accuracy": 0.7905557340186316,
    "precision": 0.7795838751625488,
    "recall": 0.792989417989418,
    "auc": 0.8704639378827386
}